{
    "loss": 27.207530975341797,
    "accuracy": 0.8825176954269409
}