{
    "loss": 1.0352725982666016,
    "accuracy": 0.8986396193504333
}