{
    "loss": 27.207521438598633,
    "accuracy": 0.8825176954269409
}