{
    "loss": 38.38344955444336,
    "accuracy": 0.9681290984153748
}