{
    "loss": 27.2075252532959,
    "accuracy": 0.8825176954269409
}