{
    "loss": 32.8526496887207,
    "accuracy": 0.8961194753646851
}